Filippo;Bruno;Filippo.Bruno@aol.com
Giovanni;Rinaldi;Giovanni.Rinaldi@yahoo.co.in
Marco;Conte;Marco.Conte@outlook.com
Marco;Marino;Marco.Marino@hotmail.co.uk
Sara;Russo;Sara.Russo@yahoo.fr
Alessandro;Gentile;Alessandro.Gentile@comcast.net
Davide;Martini;Davide.Martini@sfr.fr
Nicole;Marchetti;Nicole.Marchetti@gmx.de
Pietro;Greco;Pietro.Greco@outlook.com
Filippo;Rinaldi;Filippo.Rinaldi@yandex.ru
Azzurra;Ferraro;Azzurra.Ferraro@yahoo.com
Lorenzo;Luca;Lorenzo.Luca@hotmail.it
Francesca;Ferri;Francesca.Ferri@yahoo.co.in
Andrea;Ferrara;Andrea.Ferrara@bol.com.br
Azzurra;Conte;Azzurra.Conte@mail.ru
Gaia;Esposito;Gaia.Esposito@yahoo.co.uk
Sofia;Mariani;Sofia.Mariani@mail.ru
Tommaso;Ricci;Tommaso.Ricci@web.de
Enea;Martini;Enea.Martini@yahoo.com.br
Pietro;Gentile;Pietro.Gentile@hotmail.com
Beatrice;Leone;Beatrice.Leone@hotmail.fr
Marco;Leone;Marco.Leone@mail.ru
Christian;Esposito;Christian.Esposito@comcast.net
Gabriele;Grassi;Gabriele.Grassi@gmail.com
Mia;Galli;Mia.Galli@libero.it
Andrea;Ferraro;Andrea.Ferraro@wanadoo.fr
Emma;Colombo;Emma.Colombo@web.de
Gioele;Martinelli;Gioele.Martinelli@ymail.com
Gabriel;Gatti;Gabriel.Gatti@yahoo.com
Alice;Bianco;Alice.Bianco@wanadoo.fr
Nicole;Luca;Nicole.Luca@cox.net
Aurora;Bernardi;Aurora.Bernardi@yahoo.fr
Matilde;Gallo;Matilde.Gallo@wanadoo.fr
Mattia;Pellegrini;Mattia.Pellegrini@yandex.ru
Lorenzo;Marino;Lorenzo.Marino@web.de
Arianna;Bianchi;Arianna.Bianchi@yahoo.com
Anna;Longo;Anna.Longo@gmail.com
Luca;Bernardi;Luca.Bernardi@mail.ru
Isabel;Grassi;Isabel.Grassi@bol.com.br
Alessandro;Rossi;Alessandro.Rossi@libero.it
Edoardo;Ricci;Edoardo.Ricci@aol.com
Elia;Marchetti;Elia.Marchetti@ymail.com
Giuseppe;Serra;Giuseppe.Serra@orange.fr
Giulio;Greco;Giulio.Greco@hotmail.fr
Ginevra;Giordano;Ginevra.Giordano@cox.net
Francesca;Lombardi;Francesca.Lombardi@yahoo.com
Elia;Serra;Elia.Serra@yahoo.co.uk
Rebecca;Bianco;Rebecca.Bianco@msn.com
Alice;Mazza;Alice.Mazza@hotmail.it
Martina;Santoro;Martina.Santoro@yahoo.co.in
