d000001;Filippo;Leone;Gioele.Leone@web.de
d000002;Giovanni;Rinaldi;Giovanni.Rinaldi@yahoo.co.in
d000003;Marco;Conte;Marco.Conte@outlook.com
d000004;Marco;Marino;Marco.Marino@hotmail.co.uk
d000005;Sara;Russo;Sara.Russo@yahoo.fr
d000006;Alessandro;Gentile;Alessandro.Gentile@comcast.net
d000007;Davide;Martini;Davide.Martini@sfr.fr
d000008;Nicole;Marchetti;Nicole.Marchetti@gmx.de
d000009;Pietro;Greco;Pietro.Greco@outlook.com
d000010;Filippo;Rinaldi;Filippo.Rinaldi@yandex.ru
d000011;Azzurra;Ferraro;Azzurra.Ferraro@yahoo.com
d000012;Lorenzo;Luca;Lorenzo.Luca@hotmail.it
d000013;Francesca;Ferri;Francesca.Ferri@yahoo.co.in
d000014;Andrea;Ferrara;Andrea.Ferrara@bol.com.br
d000015;Azzurra;Conte;Azzurra.Conte@mail.ru
d000016;Gaia;Esposito;Gaia.Esposito@yahoo.co.uk
d000017;Riccardo;Pellegrini;Riccardo.Pellegrini@mail.ru
d000018;Tommaso;Ricci;Federico.Bernardi@msn.com
d000019;Enea;Martini;Enea.Martini@yahoo.com.br
d000020;Tommaso;Gentile;Pietro.Gentile@hotmail.com
d000021;Luca;Costa;Luca.Costa@yahoo.fr
d000022;Enea;Martini;Enea.Martini@libero.it
d000023;Christian;Esposito;Christian.Esposito@comcast.net
d000024;Gabriele;Grassi;Gabriele.Grassi@gmail.com
d000025;Mia;Galli;Mia.Galli@libero.it
d000026;Andrea;Ferraro;Andrea.Ferraro@wanadoo.fr
d000027;Emma;Colombo;Emma.Colombo@web.de
d000028;Gioele;Martinelli;Gioele.Martinelli@ymail.com
d000029;Gabriel;Gatti;Gabriel.Gatti@yahoo.com
d000030;Alice;Bianco;Alice.Bianco@wanadoo.fr
d000031;Nicole;Luca;Nicole.Luca@cox.net
d000032;Aurora;Bernardi;Aurora.Bernardi@yahoo.fr
d000033;Rebecca;Marchetti;Rebecca.Marchetti@yahoo.fr
d000034;Mattia;Pellegrini;Mattia.Pellegrini@yandex.ru
d000035;Lorenzo;Marino;Lorenzo.Marino@web.de
d000036;Arianna;Bianchi;Arianna.Bianchi@yahoo.com
d000037;Anna;Longo;Anna.Longo@gmail.com
d000038;Luca;Bernardi;Luca.Bernardi@mail.ru
d000039;Isabel;Grassi;Isabel.Grassi@bol.com.br
d000040;Giovanni;Pellegrini;Alessandro.Rossi@libero.it
d000041;Edoardo;Ricci;Edoardo.Ricci@aol.com
d000042;Leonardo;Marchetti;Elia.Marchetti@ymail.com
d000043;Giuseppe;Serra;Giuseppe.Serra@orange.fr
d000044;Giulio;Greco;Giulio.Greco@hotmail.fr
d000045;Ginevra;Giordano;Ginevra.Giordano@cox.net
d000046;Francesca;Lombardi;Francesca.Lombardi@yahoo.com
d000047;Chiara;Serra;Elia.Serra@yahoo.co.uk
d000048;Rebecca;Bianco;Rebecca.Bianco@msn.com
d000049;Alice;Mazza;Alice.Mazza@hotmail.it
d000050;Martina;Santoro;Martina.Santoro@yahoo.co.in