Martina;Galli;Martina.Galli@gmail.com
Ludovica;Bianco;Ludovica.Bianco@hotmail.fr
Gioele;Pellegrini;Gioele.Pellegrini@mail.ru
Michele;Greco;Michele.Greco@gmail.com
Nicolo;Mariani;Nicolo.Mariani@web.de
Gabriele;Mancini;Gabriele.Mancini@sfr.fr
Diego;Conti;Diego.Conti@yahoo.com.br
Francesco;Martinelli;Francesco.Martinelli@rediffmail.com
Mattia;Russo;Mattia.Russo@libero.it
Giovanni;Russo;Giovanni.Russo@libero.it
Chiara;Mancini;Chiara.Mancini@yahoo.co.in
Gabriele;Conte;Gabriele.Conte@web.de
Filippo;Lombardi;Filippo.Lombardi@ymail.com
Alessia;Serra;Alessia.Serra@yandex.ru
Enea;Santoro;Enea.Santoro@sfr.fr
Matteo;Rizzo;Matteo.Rizzo@comcast.net
Rebecca;Moretti;Rebecca.Moretti@aol.com
Giorgia;Rossetti;Giorgia.Rossetti@yahoo.com
Mattia;Farina;Mattia.Farina@hotmail.co.uk
Gioele;Ferrara;Gioele.Ferrara@yahoo.com.br
