Giorgia;Bianchi;Giorgia.Bianchi@hotmail.com
Tommaso;Gatti;Tommaso.Gatti@free.fr
Bianca;Rossi;Bianca.Rossi@wanadoo.fr
Pietro;Lombardi;Pietro.Lombardi@hotmail.fr
Ginevra;Moretti;Ginevra.Moretti@yahoo.fr
Gabriel;Mazza;Gabriel.Mazza@uol.com.br
Andrea;Ricci;Andrea.Ricci@hotmail.co.uk
Vittoria;Marchetti;Vittoria.Marchetti@msn.com
Rebecca;Gentile;Rebecca.Gentile@outlook.com
Federico;Mariani;Federico.Mariani@hotmail.com
Camilla;Mazza;Camilla.Mazza@bol.com.br
Aurora;De;Aurora.De@live.com
Riccardo;Barbieri;Riccardo.Barbieri@ymail.com
Beatrice;Marino;Beatrice.Marino@bol.com.br
Camilla;Bruno;Camilla.Bruno@uol.com.br
Emma;Leone;Emma.Leone@hotmail.it
Aurora;De;Aurora.De@yahoo.com.br
Luca;Ferraro;Luca.Ferraro@wanadoo.fr
Matteo;Giordano;Matteo.Giordano@yahoo.co.in
Leonardo;Bianco;Leonardo.Bianco@gmail.com
